pt_index,mean_p_residual_lossless,mean_p_residual_full_y
65,1.5576770728696765,1.5439996586230158
599,1.6744705221358986,1.5930996228453453
775,1.4557066036451396,1.4544992210068597
1075,1.6515159536816078,1.6443560157806616
1171,1.6373510989740283,1.6251089556336535
1174,1.6341687630602473,1.6219266197198732
1404,1.6494098804745452,1.6468272327198124
1760,2.05172899713895,2.05067069967755
1782,1.8620594139814994,1.8555484717842372
1812,1.6471042784257888,1.6402730506230043
2180,1.7901534736526366,1.7803829101267512
2665,2.2230331731203847,2.1576900143180597
3075,1.9211192915425013,1.913984576863535
3183,1.8510902754296643,1.8411259044726263
3219,2.0945666805712593,2.040658439722377
3501,2.3353597613031987,2.33463558599446
3575,2.263090604010995,2.262645766012235
3615,2.3224266224692256,2.250078885165857
3926,2.0899785334613736,2.089407686966526
4579,2.0619612979582587,2.055866041990083
4835,1.981613153451272,1.9788592784607504
5268,2.0674329849069735,2.059358912981563
5367,2.0371998784517165,1.9617754279289197
5630,1.8301810010595927,1.8247650275493525
6016,1.915656547129222,1.909769115560806
6114,1.4749183648255932,1.4416037763822875
6196,1.5754569362343636,1.5683478875867645
6211,1.6590715073028524,1.6560688878183056
7347,1.6245139322764903,1.6216386989505014
7465,1.9533917371602454,1.93635992827476
7852,1.804268885927287,1.8006092994557676
8094,1.83787209228898,1.75662496233611
8767,1.6371891096910565,1.635234352072481
8821,1.590700553081323,1.5853765954109507
8870,1.5927835819300673,1.5845709598637174
8915,1.6712328480743515,1.6585226629456957
8963,1.811379316745953,1.8092438784969787
9130,1.4580274196999432,1.4456995375821569
9412,1.810587370019527,1.8029941915463041
9433,1.78408945823831,1.7781616820350246
9473,1.7530088273141713,1.7417866565492088
10335,1.5385601292761661,1.5246260988548146
10416,1.667263175867685,1.6568654105519842
10602,1.5836511739206973,1.577919303230025
10624,1.6420125506682473,1.6335647749272473
10637,1.8111520357002127,1.8049111199120034
10908,1.5329439148920525,1.5272728920202767
11385,1.7947500386370943,1.721733883728752
11623,1.4773093736770486,1.4630222670726503
12062,1.672973057867903,1.6719750728669502
12108,1.458517990589582,1.4581632685532073
12353,1.6470768242707428,1.63337120994465
12817,1.6020849498016245,1.5928597120021437
13026,1.6046281350236955,1.5968152010582513
13105,1.744889552310683,1.7163888588431548
13367,1.3119466204894306,1.3011118449352939
13784,1.9522797952164774,1.87862658163084
14009,1.6750366282174518,1.6666888462794653
14255,1.6545045468258872,1.5809920178562624
14310,1.7329678793418697,1.729001326420901
14470,1.745621786000449,1.7301196585253233
14604,1.600886655745211,1.5920879245181632
14812,1.6834435818011089,1.6615630007820839
14890,1.8442282601637825,1.8328601595471896
15415,1.873576065591038,1.8531851867881424
15837,1.5282239117709133,1.5225507731893413
15946,2.135244447389289,2.1302290427321546
15962,2.1729838564207054,2.1417690060849157
16124,2.011543557078631,2.002430408165216
16173,1.9422671900717743,1.9408914068597172
16176,1.9443514620507645,1.9429756788387071
16459,1.5795354471644187,1.570650393078027
16505,1.8084724286770706,1.805006553539431
17011,1.7939498502686413,1.7116126629776671
17223,1.761942043923738,1.6584913175364824
17354,1.6597329811201509,1.6542672610189504
17590,1.6663065884469044,1.5577966827635734
17979,1.8084175048276832,1.7660543198036256
18031,1.7813945206110393,1.7722594041225248
18176,1.5607093722067895,1.5441903105103105
18386,1.9592309695620223,1.9552548956924762
18511,1.7781113986309758,1.7704313792250723
18870,1.5472660774631883,1.5338961767675772
19030,1.835225382935131,1.7612362666020311
19035,1.830324011502425,1.7563348951693256
19094,1.7669486746465828,1.75898623337168
19193,1.8130110049497448,1.8004100869616244
19236,2.0689223727228407,2.0629995222342523
19488,1.752403142345146,1.676092865322902
19534,1.987487907467343,1.978918234880037
19863,2.076523148083846,2.0701766394427867
19987,1.6577729109669526,1.6464419074333292
20331,1.6796870989483597,1.6661578958147638
20582,1.67227774406104,1.6600464423036236
20808,1.8263159673410927,1.748580378146748
21050,1.8190602593922303,1.817620901043733
22393,1.6099626842262842,1.6053194470457548
22573,1.895730321472923,1.8243627094928596
22991,1.4175593455473527,1.4130450126856466
23091,1.5349259127963044,1.5317246635119461
23589,1.6451716425733927,1.635775703467783
24027,1.970771120315762,1.9621163915296214
24118,1.7468234342082951,1.6652580328808821
24512,1.7110508926248102,1.6848198625255177
24591,1.8396167849252616,1.830784342308115
24694,1.6403184947941587,1.6272813680295153
24831,1.6483937365632606,1.626696973297674
25161,1.5133154897267778,1.5112455189112506
25636,1.704425808622393,1.6940974541647196
25685,1.5573559815432647,1.550770194582356
25843,1.8018895564402526,1.792687308614178
25999,1.4951358101227241,1.4812582977513182
26104,1.6651688714353499,1.6583314562462923
26470,1.8221125678457795,1.8203765526107112
26537,1.7924479483771694,1.7139351566208776
26910,1.7586914956115165,1.7523657084947855
27191,1.510165098348458,1.4951021251644128
27277,1.599972225515115,1.5911104739353317
27472,1.726000910322626,1.7201440276110194
27780,1.5670838522540016,1.562445557325259
27925,1.8301361062778594,1.8247445592931717
27939,1.8314017424163462,1.8260101954316583
28493,1.4721494376348716,1.4573273143984813
28976,1.5842400084640222,1.5739315356007706
29548,1.3285842688021963,1.3125357782138602
29560,1.3323569875342964,1.3142156235014268
29598,1.368243707405926,1.3592568523342332
29683,1.3425023848599642,1.3282835876438468
29965,1.4523228652362816,1.3757279462241672
30125,1.5543332113902408,1.5451648748585287
30466,1.6643920764137083,1.6523161515831897
30578,1.772872193829684,1.7433642616192586
30889,1.4748501202925317,1.4636445827793627
30948,1.455816442572257,1.444032083044246
31016,1.4485011850621268,1.444210493943351
31863,1.7102163758530016,1.7037391945986264
31937,1.6790947579686455,1.6764385203216294
32538,1.4359853087210679,1.430168462454614
32570,1.474813891259538,1.4689404908122814
32572,1.4726535210884146,1.466780120641158
32701,1.422546384604147,1.4065357027349026
32889,1.8248862536740162,1.8172967989346858
33357,1.7515894547813022,1.6789843523252284
34235,1.6211503488925576,1.6145727064012985
34294,1.7779238452149702,1.7645805001971167
34788,1.6724249474373862,1.67081837812309
35686,1.3022101154392727,1.2920482736363428
35845,1.7995069602314273,1.79063434675322
35848,1.7990979333928114,1.7878261643064852
36017,1.777722124245208,1.7727429407481068
36196,1.5619685018039806,1.4760382889804222
36604,1.6835976282835494,1.6240907688380388
36810,1.6000395926408741,1.5908398791829061
37348,1.8793666001038487,1.8026514357902843
37386,1.6958364140575046,1.676453649433562
37516,1.4889996598026083,1.479357331805316
37634,1.8306178785656504,1.749533626926053
38009,1.5538170086139016,1.5395475189214207
38298,1.5245624349835643,1.4502131878155584
38340,1.566185237937448,1.565838327709437
38392,1.4797662732161179,1.4700869011865745
38429,1.4802090482010626,1.4663404333396224
38476,1.732289486325197,1.6615855616014663
38484,1.5579604237583442,1.5505027588082074
38842,1.6238043600080687,1.6099254121146407
39067,1.6988532688867917,1.6154764444804937
39269,1.6282368416096182,1.6170860648836027
39305,1.4362307929453724,1.424815717076293
39310,1.4641457018463562,1.4527306259772768
39532,1.7082384356040246,1.6959618663332252
40031,1.7131824057193805,1.6817829020195878
40106,1.7245107538162447,1.718561266840265
40130,1.6804997832261999,1.6607940879233314
40423,1.4349126669469678,1.422524226465673
41092,1.3275606278923784,1.2518332044428644
41400,1.7539289995421439,1.748208305648786
41534,1.8375248530040877,1.755236619303852
41818,1.6115877469403284,1.5281461930965892
41932,1.7004663156010233,1.6907614976827845
41945,1.702608078802692,1.6929032608844534
42088,1.7612405428203939,1.7511094137509033
42097,1.7651605204513825,1.755029391381892
42140,1.8092485353112515,1.7221232012544978
42441,1.6531633538096009,1.6450730118741084
42539,1.6987080285518372,1.6896438066876163
42590,1.7055049777897349,1.703383461008742
42758,1.7230749359779272,1.718654379371293
42849,1.6419260611340856,1.6269642974926866
42933,1.660263183545497,1.6486862776303761
43237,1.7450083507163308,1.7239159576768308
43448,1.5791602128446012,1.5613407502195409
43544,1.5325886082745306,1.5278930315721526
43669,1.969605181858809,1.963690004465464
43727,1.8994058177200719,1.8982018948014057
43773,1.8123856597854375,1.807460887265597
44258,1.9407410019882925,1.9398377953916308
44385,1.899396024100612,1.8980355058861558
45231,1.6452512503760395,1.6401547979125295
45906,1.4731594445759577,1.4413469714682663
46226,1.565796117513496,1.5556752472431195
46318,1.5040842529492437,1.4951403802059777
47362,1.7401271708398434,1.7307648956280648
47570,1.7062260827684341,1.7042904872556237
47686,1.475995252688404,1.4620879108328082
47878,1.6417197182851664,1.6356208644311774
48811,1.7115732446048983,1.6966976199975121
49298,1.6930222218987212,1.680781397865319
49408,1.6715717187517207,1.637817082149421
49465,1.507610224802939,1.4851434197283844
49538,1.4688063439983863,1.3922020045301355
49580,1.444183944465964,1.4432527667707895
49711,1.8037240045999674,1.799031540860275
49736,1.674184333204944,1.6625652600676193
49854,1.6792808138746333,1.6556550785143407
50265,1.329019889169936,1.3275785272224931
50326,1.4240134716898492,1.4048106133300273
50404,1.4781099148120536,1.4674855571252245
50479,1.5686693649585215,1.5610026328021278
50649,1.516217984476263,1.5074968944838607
50698,1.3301263728129682,1.3162474924406877
50878,1.4011100938016203,1.3989956940916555
50990,1.5685054240153276,1.5651716096262667
52386,1.8461803998767987,1.8433004456275874
52439,1.6118885574219668,1.6009833918473075
52926,1.6782475962217696,1.6669686559868406
54071,1.6906614739483614,1.650484153426164
54115,1.836994290715746,1.829122552524409
54152,1.6281159103908658,1.6219531341150581
55715,1.705662645072133,1.6992477488022903
55785,1.5824250082560178,1.5766119137383068
56071,1.4382224597837125,1.4254501636606347
56218,1.5270792510762499,1.5255544350394135
56295,1.5490053796075562,1.5354093336443078
56681,1.462598331443768,1.4515017179495053
56690,1.4626338495076194,1.4521708807800373
56728,1.334794495207001,1.3280650557154947
57056,1.7741159941389968,1.7626025043984885
57757,1.7490366062227167,1.7172657107970661
57882,1.4601692168437757,1.4511870407455016
58116,1.7592522544042464,1.7543810261537336
58270,1.5827562408104616,1.5092625755259539
58670,1.3928470554858012,1.381310409151984
59015,1.6139434622999431,1.5993555861021889
59047,1.5700324462406245,1.5581752867592338
59115,1.3713594189744318,1.364770579130363
59355,1.4920609699942446,1.4878990424327485
59369,1.490179858734794,1.4869177877559732
59402,1.3835175845724903,1.373179506394625
59598,1.439486036504467,1.427988908078223
59711,1.4124404394229537,1.4029739883953147
59891,1.621644106381213,1.6087951430904441
59988,1.82827495546373,1.8193046075572514
59996,1.5662081532133865,1.5568880695058347
60674,1.6790416569937698,1.6647493857091349
60724,1.769080498913505,1.7562468324655562
60884,1.516825580979804,1.5025784495115126
60997,1.4959933185527607,1.4708701152620198
61230,1.6197968605540578,1.6159931080752676
61444,1.7221454455605063,1.7092710317628972
61537,1.3815262735663325,1.363367316811427
61704,1.5148877912234555,1.5052401743904913
62265,1.4682408315363913,1.4589877204839536
62700,1.4338162756944939,1.4048585119726424
62776,1.4395820115336528,1.4119893908964354
62980,1.567547624149449,1.5588629350615957
63145,1.6686972176305148,1.6642375766570199
63168,1.639212403816241,1.5542081729903208
64463,1.6050361724610245,1.5802221339011655
64596,1.431327449956616,1.423467367901059
64609,1.4309109591112457,1.4230508770556887
64734,1.588440051887508,1.5780354970306627
64838,1.681268715311397,1.59984635194665
64899,1.8811280270876114,1.7779137392716835
64975,1.7144302908214195,1.7046031550344996
65015,1.7794879332906275,1.6977851807674542
65377,1.86938469410092,1.7853716214184383
65572,1.841349051198489,1.8062386880332155
65598,1.9437904131016754,1.9291221621944956
65694,1.716284712479447,1.7109887282525276
65869,1.3967536739708963,1.384395268304309
65952,1.6276750717273143,1.6173928700791627
66622,1.7059680777037378,1.6925590142926357
66678,1.6506714354372405,1.6136609145309537
67041,1.5415350542620312,1.4589464976031414
67177,1.4379752590795165,1.40228401484013
67337,1.6111830557524371,1.6044050345993925
67663,1.5328500986261355,1.518615075564331
67863,1.5160590389357707,1.5054872227536966
67886,1.434293349026839,1.4242232226429892
67929,1.4561726463303448,1.4459826714368653
68553,1.6087028710160216,1.5994781082280816
68601,1.7318580423368455,1.7295016128149143
68820,1.565376749217811,1.4854200419149626
68850,1.408854727081886,1.400032058177745
69111,1.783858564938093,1.772286740979646
69220,1.6833994014269564,1.6603912113550212
69258,1.7190523920496212,1.6946777009064613
69428,1.300134904119566,1.2869978441025853
69711,1.8087626609693055,1.8000324514507744
69726,1.8359804394405985,1.8179472143248632
69750,1.698544182566784,1.6801924936640065
69793,1.9675150936007786,1.9575765211152734
69899,1.6257185360473532,1.6166731047829788
70057,1.3929981019168123,1.3804659977261375
70434,1.714998635918569,1.7007798501411282
70608,1.669439577717062,1.5963093618617523
70667,1.4215610380127974,1.412837772769162
70898,1.8798585115472783,1.8040402322619167
71023,1.5994851509046708,1.5979318824295352
71344,1.3867728754227568,1.3781531254591304
71375,1.6023432168674165,1.595751236768139
71562,1.452334803003998,1.4412338785857475
71816,1.3960551674524695,1.3854767255673268
71958,1.3276851905042757,1.3117618597289626
72380,1.5051660038473724,1.4965948665729711
73561,1.4811194353400716,1.4687401760265835
73946,1.5253491838385207,1.5093517685361404
74463,1.6681191964804316,1.6640882015862326
74671,1.5974063765193356,1.5889131732404729
74778,1.6386401201516805,1.553526243029723
74999,1.7023676046025653,1.685290726182172
75283,1.6830549137331676,1.611010036659678
75399,1.4659154694259955,1.4350107703711297
75430,1.5010725400336906,1.4213649208781785
76530,1.8364518388361504,1.7475031695378893
76886,1.7727439318807765,1.7657290230180063
76899,1.7830124148833246,1.7556761620867591
77079,1.7843828827875574,1.7667308864339624
77427,1.6688919371925768,1.5867160811791632
78074,1.6684527113648921,1.6348380845269563
78252,1.9220938643339287,1.9151793936156087
78266,1.7610692825796455,1.7581202360364276
78294,1.8902373137069264,1.815570227225416
78675,1.886880096974166,1.8620374790117848
78888,1.6961160401308149,1.6915210839139805
79307,1.6301005105187971,1.552169704785448
79314,1.7471677569337514,1.722277446830488
79445,1.8213125956461478,1.72332479216785
79604,1.2715333023577269,1.2574741662737756
79778,1.3754574979538188,1.3571188129693952
79916,1.5907579875164248,1.5757041827192768
79962,1.6099152127345697,1.5289421759533501
80184,1.414236086417595,1.4023662073843792
80400,1.2929983818024398,1.2709616403929114
80908,1.3759872837411136,1.3622181185643611
81012,1.7002563992829403,1.6949962839656494
81394,1.6945605930613488,1.684309674021325
81982,1.980499215659607,1.940203110211592
82109,1.3348077982933602,1.3284394444075207
82147,1.5869972479720214,1.5788128223380835
82534,2.088470951024072,2.047479000724641
83040,2.293255342416256,2.217789793203745
83414,1.7144385029902578,1.7127824041055195
83711,1.7326654489153552,1.7198392353151895
83912,1.318719252332504,1.3023360785255393
83947,1.5172337146915678,1.5077528576733246
84038,1.562442600824735,1.5465363920733415
84123,1.6023998358547138,1.6021903052745956
85052,1.4627038061638131,1.3838394704352075
85096,1.3969433807480756,1.3854870745680492
85099,1.3924606592431776,1.3810043530631513
85156,1.4489589133585485,1.4417779377269457
85700,1.3161619330090684,1.3097970019352132
85764,1.4650182068501354,1.4554373455221195
85840,1.6470347186232681,1.6344063382704532
85896,1.8116998855590865,1.7983683640918884
85921,1.8443682550344476,1.7667994381335133
86228,1.6045574219985201,1.5976521114138904
86501,1.6384524102413793,1.6278087854475594
86578,1.625757069312109,1.6159200054598104
86595,1.738022970589859,1.7236650887596934
86623,1.7683858622481312,1.7610409687851876
86674,1.651544525618766,1.6467628250249013
87104,1.8187021193418693,1.8182101954512278
87514,1.4451032894750053,1.4346909182933243
87724,1.748308072930869,1.7368402740050046
88106,1.3644289358438373,1.348999463834985
88223,1.3967582136529044,1.3816167792045067
88543,1.6562826340007806,1.6465553006716087
89039,1.782795554313806,1.7504873173085027
89203,1.729280264554106,1.7200400161571352
89236,1.3712058045481603,1.2803955578552833
89298,1.5047666784801599,1.4913507014142369
89343,1.262839922072395,1.2489783541972668
89592,1.662762258313064,1.638255527581545
89706,1.7493284897311503,1.7376030183161166
90343,1.7794000519913569,1.7751367208516544
90416,1.786071464184982,1.7726425316224115
90431,1.8077440504591038,1.7028606983397736
90774,1.8918652259065065,1.8890576736304003
90907,1.8311258109396082,1.8277803113478013
90915,1.8348962644940483,1.8315507649022416
90957,1.8570484984741722,1.7806216805521524
90986,1.8390025691263368,1.8317170074803357
91536,1.9867773042872119,1.9809848328675803
91714,1.578399527857638,1.575767400201656
91976,1.9112348374842913,1.9053643989817133
91995,1.9440101676340578,1.9326093400182578
92478,1.6465580925779864,1.633551832291275
92551,1.8233345446716314,1.8105625847253044
92664,1.989518004076363,1.9764587521154073
92940,1.3766201025094333,1.370658660033435
93006,1.3569564315178615,1.3409231664427461
93081,1.492648252205177,1.4918543199185452
93158,1.8261822115303457,1.7441581873393235
93369,1.9964762965080887,1.9878510938586027
93493,1.6601406046597258,1.6192316221720566
93667,1.8482932059051942,1.8408752210895305
93992,1.9778118576245276,1.9554404732827242
94055,1.627381910558835,1.6197694246860752
94150,1.3740580631371175,1.2839122817766662
94230,1.4781850064784308,1.478005419610924
94438,2.042646834606767,2.042109786494231
95346,1.4029805602462857,1.3913323116575684
96354,2.1232162350065384,2.116824343848049
96395,1.9076570769139396,1.8827948412868187
96463,1.838580923602545,1.7979496810205133
96711,1.768885015090556,1.7586631548374394
96944,2.17088419065757,2.1681142985972164
97979,2.433600202466652,2.3668718090777365
98561,2.4997612368681343,2.4217216432604527
98755,2.565186901700077,2.551189726165091
99092,2.0712019500871817,1.9950958194271977
99227,2.5173793244715665,2.4615082027514097
99275,2.5337065906916076,2.5058420742658556
99575,1.8107214232101925,1.8017969867634671
99747,2.1051581724125223,2.032318485376816
99869,2.6154798535920762,2.575500675820611
100706,1.7789961879180791,1.77865440476107
100849,1.6412784890245797,1.567605331489459
100914,1.7439771853708093,1.6778130206817623
100946,1.771629998322298,1.7568840066633415
101654,2.0439586985905227,2.0391879242971456
102230,2.3142045796098656,2.241905457182953
102468,1.765735946080828,1.7623682929987976
103519,2.38604293956572,2.3171513185041968
103801,1.6124569374466144,1.6085757689550315
104399,1.7060435414931057,1.7024660022920548
104425,1.6993091428872533,1.695415269784405
104438,1.6495906081253715,1.6433121114871467
104537,2.0094942443647734,1.9471200441837717
104597,2.0213261428975207,1.9704206998873717
105092,1.5847226306610314,1.5741945538464952
105249,1.86333308518584,1.8233191029585942
105508,1.5174023976353366,1.5091612713748095
106293,1.5907004696493394,1.5774903493795092
106310,1.7387727381577385,1.7341580079689662
106448,2.1147933638365393,2.057393560946811
106456,1.9361313028455318,1.928538184269432
106858,1.5383215458489017,1.528478586412691
107092,2.00179456137835,1.9330030956360325
107166,1.9577331717151443,1.9539797948166435
107681,2.19889238246635,2.1208477390915648
107718,2.2039554600621796,2.1987739329270353
108368,2.5523972656956784,2.456883147344228
108576,1.702589777156136,1.7020943942909799
108848,2.2316049428613196,2.205351579736116
108890,2.284455830312693,2.219056446942926
109425,1.9170033682421954,1.908947656841302
109540,2.342546648424799,2.2698857349931276
109575,2.157995062239594,2.1546286660998786
109850,1.3994685336435595,1.3961581788793966
110138,2.1471216534930804,2.074185602001133
110152,2.1151151997530864,2.0847370806450836
110172,2.2095758216025083,2.143195422499827
110383,1.566227103336977,1.5642565011778675
110428,1.4440907690334073,1.4316841368683537
110459,1.4244663141404752,1.3393078711766084
110611,2.0115699752933165,2.0091045084023205
110752,2.3860723351697914,2.3839843873353663
111153,1.6980144523211056,1.6239499862799776
111242,1.9311252685295146,1.914897707215014
111405,2.130169743113891,2.060557849605784
111530,1.80307255887488,1.7322326946590139
111646,1.4194883762753427,1.4082031719107284
111661,1.434189738297169,1.4229045339325543
111722,1.6787412334218779,1.6623761492035873
111810,2.0095597755026566,2.0036318783867
111888,2.4470853645966875,2.4468005631079333
112282,1.70604980053147,1.6933997031252488
112376,2.04529249736243,2.022328885483213
112521,2.539369410161357,2.5315009205477765
113162,2.720111514447046,2.6577218848962993
114104,1.45222404066799,1.4331896222104892
114206,1.7867451843850952,1.7701552308907047
114447,2.1691384614201983,2.141005142896984
114567,1.5604077523694757,1.558692180798653
114700,1.6314681319077275,1.6258147843696078
114823,2.0549930835921923,2.018349900449654
114955,2.484097707021435,2.4836790331922254
115001,2.4686705206083843,2.400558920655526
115125,2.0601966666814286,1.9906629124746462
115266,1.6005825507888838,1.5178751790160705
115441,2.2207592689960816,2.214773762121529
115872,1.7382646885634458,1.7372491842784625
115943,1.8717361834981472,1.842393107933821
115967,1.9866770755003724,1.9137537196111518
116003,2.3320487557086294,2.329549399858327
116271,2.4514374069975813,2.373242219801981
116536,1.8540043171369693,1.8492338181810297
116673,2.3842017665377906,2.3337561033535876
116734,2.641785128650652,2.613979967574472
117681,1.5714478641292544,1.5657161509512816
117860,1.998512989265286,1.969953925067868
118461,1.8642241106316109,1.7898159378697742
118719,2.0253765723273194,2.0183672718839443
118925,1.6320231336656266,1.629148440676589
119117,2.4476368998949583,2.446308558614123
119917,2.5330314940229544,2.472248996623167
119950,2.252650045505235,2.1950398112372476
120143,1.8810034097332546,1.8715287969165213
121036,1.8066227948580242,1.7900630056816829
121059,1.968287087760661,1.8925459975962757
121269,2.3708854623710787,2.307142408898992
121350,2.8219268622463853,2.7695680388945707
121602,1.8220182599608978,1.8038695959923725
121638,1.7783774977936309,1.7733084289433767
121815,2.143860467326266,2.1403426137596853
121933,2.645643300179563,2.5774597665805157
122181,1.7648434619309596,1.6861900058012125
122231,1.6930442225892934,1.612601625907148
122301,1.6983964597688463,1.6397439319953435
122383,1.7726743943897303,1.76232824900944
122490,2.3973739594398547,2.3245160466853942
122664,2.171811885615797,2.1302958651275468
122718,2.0382248163268124,2.020631487656515
122751,1.7849072804390416,1.7738304102466014
123015,1.9594846674862865,1.9591149237945478
123124,2.437873919057615,2.4207328527735745
123256,2.3015079029989938,2.3005209324822133
123757,2.435077746453012,2.4338128457397024
123824,2.5392352380732,2.5318473360944025
124098,1.7115488765108884,1.702277279495308
124322,2.5974865968023315,2.577659629604982
124774,2.1405779833146497,2.138896418074124
124818,2.2272248247934776,2.2220913108328317
125066,2.238014727934522,2.233411414750414
125164,1.995720009966622,1.995364882999242
125213,1.7223979693848959,1.7131198721037197
125547,2.540023581270181,2.4857689567003125
125565,2.5313483580610336,2.4770937334911642
125797,1.7786113397004328,1.7629464235500631
126042,1.8334983567112384,1.7576953143585303
126157,2.138088000581677,2.12145712181778
126460,1.3952095501760797,1.381273255089483
126544,1.403075480536282,1.3986511224003513
126603,1.7483384737519887,1.6714517928392287
126671,2.023629722188956,1.943650682276457
126727,2.1316714638800516,2.0620658682567625
126749,2.0965700071934963,2.0938261289557447
126751,2.1020472879765304,2.099303409738779
126873,2.143614835588036,2.137677971221619
127019,1.556190232700276,1.524236924615546
127024,1.4063079136324992,1.3347836221205813
127045,1.583678345498127,1.5707131788157815
127291,2.311449710675733,2.2889209485113926
127684,1.6973648042079508,1.6918100318151623
127950,2.534038272938945,2.5232607305350547
128330,1.6062239131619858,1.6013166144248925
128365,1.7944258660087393,1.7859824993721856
128385,1.8923031742452698,1.8168423320468028
128393,1.8831308431563896,1.8076700009579227
128448,2.0532723567392153,2.0492192935329583
128578,2.579663799999021,2.573864119110973
128597,2.4835533008468724,2.4241201960301506
128748,1.9567310363461483,1.9470450179915078
129075,2.2446202789689473,2.1808106299269006
129212,2.3441474275218197,2.3364169516526143
129267,2.1694412519293875,2.132712193591346
129467,1.6593020092327333,1.6435466684875482
129687,1.9463276322667318,1.8831191881329399
129970,1.512665037985777,1.5056151028192295
130051,1.4605164489193039,1.4473964716496197
130055,1.4454422949324786,1.419526471054299
130086,1.6399505751160721,1.5673730330098024
130156,1.4649568644841098,1.4553982658192748
131404,1.8759464345825467,1.8652740245290536
131484,2.0585308693273663,2.0076405210022132
131984,1.7103376754783968,1.6367216889517986
132164,2.0119702612476726,2.0079031194233603
132166,2.0156601539913326,2.0115930121670194
132707,2.0141638352016553,1.941095389917306
132981,1.8706851929041455,1.8454450120179176
133276,2.0259389701714943,1.9607636876180712
133788,1.753300535152098,1.751550897956187
133885,2.04115893272123,2.0407397975563053
134149,2.000796888669019,1.9220100043498831
134213,1.7152804320707595,1.708131228125773
134225,1.481600065868625,1.4735483123875397
134513,1.7902748131307382,1.7720784623727315
134527,1.9077887915749896,1.8924414780476477
134543,1.9021105492606432,1.8867632357333015
134551,1.7606726535869723,1.7473728758021938
134643,1.9843250798633016,1.9806589315342003
134884,1.4646852256255147,1.3861660999221335
134998,1.3696194562027117,1.36435721424775
135580,1.7255645943531643,1.7196155741871189
135764,2.350031081052621,2.2802456334769468
136379,2.389309525141969,2.3683108179505803
136395,2.4116306693106386,2.4114606713543396
136410,2.434059079863647,2.4338890819073478
136789,1.819577783316146,1.8184954435558158
137085,2.554802564422862,2.491041708689745
137218,1.8312392164837954,1.816047150137178
137240,1.7452767131357532,1.6692399795391184
137681,2.2181239495185303,2.152231125025558
137704,2.4174608818767434,2.3307786772435626
138170,2.456030235558601,2.4101418867824593
138206,2.423121956811257,2.355970941898054
138317,2.287553702155037,2.2793638681832618
138506,1.5647389257762803,1.5517491943535577
138594,1.4925587195145842,1.482562030352581
138664,1.8567746509903267,1.8157466246087848
138973,2.001388158849388,1.9623623293023995
138986,2.007470427690798,1.9660390642573216
139251,1.714866506383924,1.70487024334143
139323,2.1534472062143313,2.101784601065342
139334,2.1806709117943184,2.1104233380412514
139433,2.4310818982591504,2.407026667972346
139498,2.371628607941205,2.365724813973857
139774,1.700726845436947,1.685293740732086
139837,2.0136621871520872,2.0061691176456415
139905,2.303480299412722,2.2434155148313657
140050,2.587266644571551,2.520900320197094
140295,1.5517947262394387,1.5361237786554094
141121,2.0536187964987818,2.0487802860885056
141289,2.219807708594264,2.190589051054257
141504,1.7561925014342463,1.6839186491479963
141601,1.589463189421229,1.5809150463026842
141763,2.1511695123077548,2.1484410741491113
141952,1.8834686116053252,1.882785741395571
142064,1.5262880853211696,1.5099754739183342
142206,1.8174777162644138,1.8157395408861952
142290,1.9849575041275533,1.9802340242359355
142324,1.8043398082419786,1.784887862970813
142378,2.018940590406845,1.9416905384012133
142957,1.8778531747905072,1.8269045819647207
143619,1.941879275367203,1.931804724951681
143628,1.915571954215175,1.9073350873681538
143876,1.6294837911702449,1.6154807820443662
144503,1.55415085382811,1.542566446803359
146163,1.841788027277823,1.8306061676458383
146297,1.5800043872206528,1.5676580070480246
146333,1.5060713297861676,1.5017284732888998
146361,1.4873642358323858,1.4673123867652564
146727,1.887375294918897,1.8440427883569528
146766,1.732407826774433,1.727131216080787
146819,1.6356795864143865,1.6263999750996947
146829,1.6421012990904253,1.6273130270531104
146909,1.361855560105997,1.3497119942777627
147084,1.5064074871356874,1.4917127855113235
147213,1.682448891669269,1.6063233603348648
147384,1.9018229516960448,1.8892561279796134
147406,1.7498712475384515,1.6716169528785594
147445,1.4756821130729114,1.4675667258313838
147549,1.2670971939661941,1.2296493567877864
147684,1.5314554344699358,1.4559215943605077
148051,1.6534539690678594,1.568313624394651
148477,2.0434954832620758,2.0415712567802062
148879,1.6014642423956167,1.5934423849793449
149059,2.0614927160433676,2.028205358566119
149084,1.898576494599984,1.8186770820127585
149427,1.483991221463363,1.3938035374789153
149999,1.647478811242945,1.5644445997329062
150041,1.5679526639267,1.5563646604484411
150604,1.6167973553913604,1.5362606652260395
150637,1.731622838170312,1.7268932656992253
151527,1.6817234291830538,1.674502241319959
151755,1.2951231189173769,1.281003432234133
151760,1.2957966517796633,1.281813472318929
151850,1.3089621220552077,1.2278993949065762
152341,1.231808639606591,1.2266073858161535
152406,1.6555915998027164,1.63087787737402
152457,1.5712616796391463,1.570307135553555
152632,1.805119201431021,1.804998785640715
152705,1.8765666733531703,1.8739119310542613
152732,1.8367368676996945,1.8275001685196441
152786,1.7840646848865471,1.7752176015485748
152796,1.7835143385985852,1.7746672552606129
153865,2.073169926389247,2.0673120390002695
153920,1.9847873976061516,1.911623917691552
153947,2.037302648651079,2.0250865531071742
154041,1.787752009750491,1.7833305602062537
154335,1.6231009782018302,1.6109486879857051
154373,1.9606945164192766,1.8914340944486407
155330,1.6758590502856046,1.663033041793395
155435,1.5897860158580588,1.5678228579162183
155568,1.7777912671627394,1.7697143544020209
155683,2.3258253010160477,2.3129272351348935
155705,2.1994909725588543,2.1849713252281697
155829,1.9393901295425517,1.9146562140149954
155915,1.6360239001267662,1.6351004506372935
155931,1.6397879766787955,1.5631808560921887
156066,1.4174974016119104,1.3348475664906023
156290,2.138420804687196,2.0634392612191776
156305,1.9984080816654826,1.921931614583593
156451,1.811125707865076,1.807231595913614
156583,1.5632212030840928,1.5587466523441615
156695,1.702440712526452,1.6943031208470616
157114,1.55861389702271,1.5433324643146753
157277,1.8367052394887433,1.8362804734334246
157293,1.7003448881586487,1.6971897995448062
157324,1.8808437172167582,1.8629601973893097
157451,2.125207600332287,2.116528298337122
157488,2.3084991547986786,2.2362734430806315
157871,1.7099994755091898,1.7004608780346495
158903,1.7981020114867345,1.7900258433134557
159093,1.9216076882739357,1.9019563114616567
159296,2.7511016103434023,2.7450543254720094
159301,2.7475040957352594,2.7445737027225623
159309,2.7529537209410444,2.7441671825696785
159586,1.4151393137077648,1.4142635742986247
159600,1.5092890169401505,1.505044885806647
159631,1.574582013273537,1.5617071657014472
159688,1.7207565247853867,1.719180946735291
160283,1.5997579735244079,1.5941357879231743
160791,1.6308621812379451,1.6177033781003007
160952,1.844269141571866,1.8361521494590447
161114,2.4957521857686484,2.442676276579285
161374,1.5152362804860382,1.4407105754955492
161868,2.130892721867559,2.1259027373255552
162498,1.6536136852993994,1.6392466553681133
162500,1.6456179228657681,1.631250892934482
162745,1.84771825297124,1.7680717841690248
162977,1.954473606515623,1.9507202836066109
163080,1.6986555636462177,1.6968524415574948
163185,1.6089426124328894,1.5958362835475912
163233,1.4020827025462974,1.3872933591009713
163323,1.6706635005187132,1.6575864746622555
163438,1.8858475354002349,1.8853350355030565
163944,1.5935598601391805,1.5794725565251466
164034,1.4683437621745723,1.4501684263846852
164264,1.6286384308470232,1.5282153088711652
164346,1.4442858843277429,1.43245827693017
164754,1.716225626134752,1.704603699448552
165197,1.7874884931302426,1.7579046176749284
165237,1.777675868411398,1.7668072304855023
165316,2.019462349393782,2.0179871847428905
165872,1.9382173274477292,1.9326192835845606
165964,1.809674548841772,1.8090430369669934
165972,1.8120724757449052,1.8114409638701263
166314,1.641404922416415,1.611824599571891
166391,1.825239967452431,1.7957741320266485
166458,1.8395524750583079,1.836677347785324
166763,1.55844679687058,1.4841826639539348
167003,1.8859788456986586,1.8066986892478216
167172,1.9648653967974015,1.9424059789449934
167228,1.9016395661716419,1.83428992420324
167338,1.5326773692332036,1.5184554448898502
167359,1.5628420807922423,1.479594365015228
167432,1.423779368998876,1.4134481103681371
167871,1.9889178647631978,1.980404944546978
167877,1.9866533160221342,1.9781403958059145
168362,1.7336956955095535,1.7333431971656625
169319,1.5836416101989843,1.5002378119087179
169382,1.7778544653919677,1.7689740679310728
169883,1.3897301846241294,1.382304313900877
169934,1.6370177549775875,1.563286186981977
170487,1.440525647952384,1.3567466535770927
170512,1.5731316003875335,1.5668882808945133
170741,1.8175962462544204,1.8109033199663327
170886,1.660744058620941,1.6527286612443597
171101,1.4649817514622179,1.4577157247088037
171278,1.6442172617914954,1.6419282552936936
171291,1.6708304058715098,1.5903217635684992
171392,1.8296257170636496,1.8217400336155214
171495,1.759263712376001,1.7455154073626198
171673,1.4537771827320294,1.4423441972147162
172019,1.849996600850312,1.8348421802588646
172081,1.908870217795978,1.8985186832091645
172254,1.4170707444785144,1.4093505276462475
172499,2.0221758586958063,1.948649419459038
172961,1.4664129465461728,1.3872299026786767
173010,1.456719246892207,1.4411791953662463
173033,1.426223152613869,1.419385179805608
173046,1.579250765032473,1.5716971727356244
173104,1.6321815967938884,1.6304597976173316
173175,1.6639775929567195,1.6523954758284942
173261,1.8153277210056655,1.7777629885499324
173289,1.849797518911801,1.8490255811025913
174285,1.5725958129050086,1.4902499665486384
174649,1.438655158918434,1.4244171696150256
174679,1.3625323842983188,1.3594870391766973
174989,1.6338013506659312,1.6245455983181663
175134,1.6227576057000053,1.6135226537978653
175237,1.6142217246888018,1.5368023346995596
175573,1.8984517869790765,1.8273993563987385
175585,1.9150038398464977,1.8439514092661602
175637,1.6895078254142275,1.6882480824162036
175992,1.8013411819879293,1.7924347401204928
176113,1.835154259483816,1.8222124995400482
176132,1.6923552015263148,1.6596640664587372
176287,1.6914456675424274,1.6829318266785855
177160,1.3711423939555878,1.3613960507404474
177335,1.7348618787761674,1.7214702681877554
177907,1.7783419502130078,1.769331143766185
177980,1.6627320817933762,1.581814374888216
178303,1.6415919391157658,1.5696747440958865
178355,1.6138499863239955,1.604687170469114
178394,1.6205674303191329,1.6178588805703265
178482,1.6038342185490384,1.592963560839075
179155,1.5887991051853478,1.5179985189831724
179184,1.6033833315851944,1.5989129645761193
179362,1.6961735980421764,1.6864032482009619
179421,1.493793662687697,1.415161750621524
179867,1.8443716168529811,1.8114325693065305
180055,1.6464765188454182,1.5752542823091247
180063,1.4937222817624976,1.4806711089017581
180206,1.7409480858815929,1.6745721242730556
180356,1.8370059290290783,1.832602226418738
180422,1.9103833245567154,1.8990969445261396
180473,1.6087409084836408,1.6047073382284112
180634,1.4083911428765843,1.397755073479444
180692,1.426728116883799,1.4146559485329215
180799,1.4616323149405082,1.4448080859999137
180887,1.6991461306717757,1.688501012138373
181142,1.6052181957831788,1.59246063146741
181179,1.514793510162815,1.502194812803687
181764,1.6486103008696136,1.5644926620257043
182220,1.8083427377646966,1.8001690746108274
182388,1.6494475658253227,1.6145037034293255
182731,1.7100548422756465,1.7022934171854964
182777,1.7267410803484367,1.6972379736306358
182868,1.853418904862507,1.8517868264311554
182995,1.5932003972189495,1.5930544717005335
183066,1.6810009114343456,1.6001800646245856
183684,1.6041668896110042,1.525657506017099
183731,1.503943867680273,1.4958090376785411
183796,1.5493740516927128,1.5439364589774047
183866,1.7116069962963134,1.6993435386074724
184180,1.7411649689219626,1.722125855836663
184234,1.5809138258123347,1.5123703670175754
184486,1.7274730392950104,1.642668401075664
184753,1.7196081261190115,1.6983209929237824
185003,1.5789758388705364,1.5665872344163163
185042,1.309023025384176,1.3008303451994416
185211,1.6133077107595408,1.5858183554791454
185248,1.7191988412395267,1.7050290511881463
185408,1.6886951533167471,1.6065976260862156
185802,1.6351062634710092,1.625391768415273
186071,1.5494911895123917,1.5380478422322064
186807,1.7405797719212872,1.7381897196761702
187038,1.7655721860462466,1.7585049906514307
187206,1.904180667652537,1.8341574613672589
187576,1.7826971934599207,1.7748254731860424
187683,1.9000553252943537,1.8179980865327325
187997,1.6415592557400709,1.6275194122304044
188227,1.7993669698889667,1.787009419475205
188359,1.9005550402625027,1.8940617321327808
188562,1.6885477820215449,1.6843903088844938
188585,1.6842931797316278,1.675624526106765
188846,1.8822176996316449,1.8463621206714451
188880,1.700929185072187,1.6969600896884323
189080,1.6867208962497209,1.6800561587233067
189093,1.6887120083826777,1.6820472708562633
189318,1.6492556802224292,1.6223312718068104
189440,1.5930928652205312,1.5822765517405302
189441,1.5883082949810667,1.577491981501066
190256,1.5574666605722962,1.5541984689783697
190448,1.8277142278906426,1.7553756140727155
190746,1.974738529885285,1.9669592469363757
191242,1.8601818285723244,1.8551754534736458
191457,1.4791721004070493,1.4662879493436696
191493,1.5571897288905312,1.522579832173488
191699,1.7896766892925633,1.7099253342877907
191820,1.9524406636253084,1.9434305657874078
192406,1.9955192125459582,1.9087157745623997
192631,1.7847416422639508,1.7818813338359965
192813,1.6860931475631171,1.6087466554273233
192825,1.797621543256068,1.7867545166690324
193079,1.7113891298278756,1.6951339954019515
193546,1.8043768335072727,1.727277356735468
193816,1.6283194519710353,1.6206549129471342
193818,1.6323664296389357,1.6212531196183886
193837,1.5016407519499833,1.4212733419140609
193915,1.600125955033945,1.5197059555376058
194497,1.673144517146024,1.6694342364730572
194635,1.714192740617902,1.7084323501070193
194639,1.7151102761781944,1.7093498856673115
194825,1.7155032328032715,1.6400815378986895
194846,1.6092456308687855,1.5336910278386882
194889,1.760560369338565,1.746880034308125
195095,1.6574796232849258,1.6487213184195253
195454,1.8437144550056708,1.8081009136314357
195756,1.542996658066969,1.5385029870457947
195879,1.9673401032795108,1.8920071752938366
196542,1.724052406578398,1.7106984634943652
196710,1.3789868948226265,1.3074064935321448
196756,1.6754645341341143,1.591428232733816
196796,1.5918045417010918,1.5849966823815593
197193,1.5511648443938109,1.5377022549104549
197443,1.5073183705609385,1.4947436726977912
197758,1.8526595241697974,1.7721167518808634
198072,1.826271482641436,1.7455500738551064
198931,1.820385205662326,1.7437724557945202
199314,1.4625837992002217,1.4616926157664625
199456,1.5724172186659457,1.5573918325247962
199672,1.8117027989511867,1.806009968501326
199986,1.3045175530870738,1.2995253218439384
200031,1.611250299349236,1.5977425986402038
200318,1.7814105099843647,1.7798949374435529
200414,1.6889552471139604,1.6719255226253886
200427,1.6999193978644254,1.6828896733758534
200627,1.657697100862872,1.5785721841276148
201227,1.6865421222980523,1.6716766453755312
201726,1.3978790287620568,1.3155319498613034
201842,1.4415297486137406,1.4263192294866454
202210,1.7823949437905766,1.767546181211863
202385,1.6726972421808086,1.6600271481227997
202713,1.3930939806499731,1.3827321735175222
202800,1.4635649156425523,1.4548196793459935
202824,1.6895748089728369,1.6763297124738705
202826,1.6938305757733991,1.680585479274433
202944,1.404171532672342,1.3234761563097028
203039,1.510630639150275,1.5016870572911785
203072,1.6217562507618883,1.6104280412356777
203454,1.8214081165024074,1.7510537097917505
203766,1.7690239148158498,1.7644270123612955
203856,1.8306015954074735,1.7916493134411842
203924,1.8128898250656615,1.808136878087043
204048,1.8370159214117918,1.8259502943908414
204319,1.9402779489946238,1.9266006331105474
204391,1.9359953978326876,1.8664399964473906
204562,2.078607725437657,2.0750631562146653
204813,1.7397969591432203,1.7270289724272365
205244,2.128896395564363,2.095498635544671
205725,1.9730477497464067,1.94469452477484
205916,1.9020111100312664,1.8915956911734897
206095,1.7421725306578264,1.7401900662626537
206211,1.850634118580555,1.8256623529992244
206679,1.815533691399256,1.8123172863142467
206748,1.8851881699205337,1.8764888439820606
206889,1.7257812631330698,1.7066986184846626
206928,1.740699850504784,1.726963008508536
207049,1.9285744655619792,1.9276870651615983
207166,1.52511941452144,1.5231127635844355
207443,1.99074155853126,1.91540190710726
207727,1.7076508020404653,1.6978014300557178
207886,1.863877642057602,1.8600477939785285
208204,2.2002449124850916,2.196424350183262
208620,2.0373498350674235,1.9668150837731615
208776,1.9953389588885415,1.9346267034151743
208954,1.7762211238814454,1.6959536872706895
209226,1.866318086333049,1.8583940190098673
209569,1.72767666603116,1.72421669130662
209989,2.0829340275328896,2.08121971427675
210060,1.9932040757409175,1.9287491122913691
210435,1.7110251818057272,1.6922176100187618
210774,1.7498631099483941,1.671328875334626
210883,1.514280105505606,1.5072816489956373
210923,1.4730283948113796,1.4611792625847921
211002,1.7377819596258441,1.701708357736643
211121,1.6834133728439078,1.6742270969922697
211558,1.7610650722383148,1.6520059485693668
211654,1.7949762485414453,1.7828512186309335
211908,1.8346498685876824,1.7509396835574456
212360,1.809127909695529,1.8029354113595941
212429,1.9333132241182285,1.8673458881211003
212548,1.6166512604801253,1.6096772072309242
212599,1.4850978117559686,1.4796755778292063
212949,1.7898367779767026,1.719038123876817
213445,1.9190683224225449,1.9096651226712342
213599,1.8641103295673067,1.7872056289805374
213916,1.8189324330233871,1.815957369007172
214112,1.6945675711175874,1.6851226091206852
214380,1.486869472730814,1.475050858061168
214608,1.8676558681381337,1.7979896134884736
214666,1.7896466628613097,1.7872289439749385
214679,1.7887252753195948,1.7870266358180615
214818,1.9294186312229795,1.9238275639907083
214848,1.8271857267614087,1.8210823215218923
215145,1.5302094090822738,1.5125561679695396
215178,1.6882565553140718,1.6671413735121654
215291,1.7637330163818432,1.7519192956361689
215312,1.77087178667957,1.7607707703256248
215494,1.6232547253232992,1.6185966664747482
215507,1.8940353660423892,1.8206389220297303
215802,1.7720177462207758,1.7275181638516042
215915,1.8146612578095778,1.8064830367060216
215997,1.7264689231534789,1.7049966601918431
216195,1.598577177675209,1.5835529609984031
216614,2.1433233428978324,2.0659462310479575
216691,2.211973119222607,2.1940428301063375
216746,1.9690136799774103,1.964858668922251
217252,2.252943940459524,2.2420539307515663
217524,1.9783391785398727,1.960506269418953
217694,2.168708873512154,2.167237992865068
217828,2.1857172238171754,2.1819142044103
217941,2.1373064076421233,2.1189233182811558
217975,1.9303780944442162,1.9289943230543283
218134,2.028284567687309,2.0216279358056863
218174,2.228008891462494,2.193952130884024
218189,2.170177777348434,2.1070412721243756
218331,2.1473082058543915,2.1133487271691602
218707,1.8725616577014366,1.8600264734110352
218959,1.8039842006070617,1.8009250581587006
219001,2.092309312388831,2.0913716605403616
219349,1.9824857633173492,1.975757359570704
219575,2.1235775020281773,2.0554610863278477
219713,2.239590556173647,2.1706623403546703
